{
  "brand": {
    "name": "GRID Analyzer",
    "shortName": "GRID",
    "entity": "GRID Team",
    "tagline": "Understand Any Codebase in Minutes",
    "description": "Privacy-first code analysis with local AI",
    "icon": "wheel",
    "iconEmoji": "🛞",
    "domain": "grid-analyzer.com",
    "github": "gridanalyzer/grid"
  },
  "colors": {
    "graphite": {
      "950": "#0A0A0F",
      "900": "#14141A",
      "800": "#1F1F28",
      "700": "#2A2A36",
      "600": "#3A3A4A",
      "500": "#5A5A6E",
      "400": "#8A8A9E",
      "300": "#BABAC8",
      "200": "#E0E0E8",
      "100": "#F5F5F8",
      "50": "#FAFAFC"
    },
    "cyan": {
      "700": "#0099B3",
      "600": "#00B8D4",
      "500": "#00D9FF",
      "400": "#33E0FF",
      "300": "#66E8FF"
    },
    "amber": {
      "700": "#EA580C",
      "600": "#D97706",
      "500": "#F59E0B",
      "400": "#FBBF24"
    },
    "semantic": {
      "success": "#059669",
      "warning": "#D97706",
      "error": "#DC2626",
      "info": "#0891B2"
    },
    "white": "#FFFFFF"
  },
  "typography": {
    "display": {
      "family": "'Space Grotesk', -apple-system, BlinkMacSystemFont, sans-serif",
      "fallback": ["Space Grotesk", "-apple-system", "BlinkMacSystemFont", "sans-serif"]
    },
    "body": {
      "family": "'Manrope', -apple-system, BlinkMacSystemFont, 'Segoe UI', sans-serif",
      "fallback": ["Manrope", "-apple-system", "BlinkMacSystemFont", "Segoe UI", "sans-serif"]
    },
    "mono": {
      "family": "'JetBrains Mono', 'Fira Code', 'Monaco', monospace",
      "fallback": ["JetBrains Mono", "Fira Code", "Monaco", "monospace"]
    }
  },
  "fonts": {
    "googleFonts": [
      "https://fonts.googleapis.com/css2?family=JetBrains+Mono:wght@400;500&family=Manrope:wght@400;500&family=Space+Grotesk:wght@500;700&display=swap"
    ]
  },
  "assets": {
    "logo": {
      "icon": "assets/logo/wheel-icon.svg",
      "favicon": "assets/logo/favicon.ico",
      "appleTouch": "assets/logo/apple-touch-icon.png",
      "fullLight": null,
      "fullDark": null
    },
    "audio": {
      "backgroundMusic": "assets/audio/background-music.mp3"
    },
    "paths": {
      "base": "./",
      "css": "styles.css",
      "js": "script.js"
    }
  },
  "meta": {
    "title": "GRID Analyzer - Understand Any Codebase in Minutes",
    "description": "Understand any codebase in minutes with local-first AI. Privacy-first code analysis that never sends your code to external APIs.",
    "ogImage": "https://grid-analyzer.com/og-image.png",
    "twitterHandle": "@gridanalyzer"
  },
  "social": {
    "twitter": "https://twitter.com/gridanalyzer",
    "github": "https://github.com/gridanalyzer/grid",
    "discord": "https://discord.gg/gridanalyzer"
  }
}
