{
    "seed": "hogwarts_staircase_intelligence",
    "created": "2026-01-10T03:12:00+06:00",
    "source": {
        "literature": {
            "book": "Harry Potter and the Philosopher's Stone",
            "author": "J.K. Rowling",
            "key_passage": "There were a hundred and forty-two staircases at Hogwarts: wide, sweeping ones; narrow, rickety ones; some that led somewhere different on a Friday; some with a vanishing step halfway up that you had to remember to jump..."
        }
    },
    "analogies": {
        "moving_stairs": {
            "literary": "Staircases that autonomously change destination",
            "software": "Dynamic route tables / self-organizing networks",
            "pattern": "Eventual consistency with autonomous reconfiguration"
        },
        "vanishing_step": {
            "literary": "Step that disappears and you must jump over",
            "software": "Circuit breaker pattern / trap detection",
            "pattern": "Fail-fast with knowledge retention (remember to jump)"
        },
        "polite_doors": {
            "literary": "Doors that only open if asked politely",
            "software": "Authentication gates with UX consideration",
            "pattern": "Permission-based access with contextual hints"
        },
        "friday_redirect": {
            "literary": "Some stairs lead somewhere different on a Friday",
            "software": "Time-based routing / scheduled behavior changes",
            "pattern": "Temporal awareness in routing decisions"
        },
        "everything_moves": {
            "literary": "It all seemed to move around a lot",
            "software": "Eventual consistency / distributed state",
            "pattern": "Accept uncertainty, build for resilience"
        }
    },
    "domains": {
        "local": {
            "implementation": "GrandStaircase class",
            "features": [
                "BFS routing",
                "State management",
                "Cache invalidation",
                "Autonomous cycle()"
            ],
            "use_case": "In-process routing simulation"
        },
        "cloud": {
            "implementation": "StaircaseAPI class",
            "features": [
                "HTTP health checks",
                "Polite headers",
                "Timeout handling",
                "Circuit breaker"
            ],
            "use_case": "Distributed microservice routing"
        }
    },
    "insights": [
        {
            "id": "insight-1",
            "observation": "Fiction predicted distributed systems patterns decades before they emerged",
            "example": "142 autonomous staircases = microservices mesh"
        },
        {
            "id": "insight-2",
            "observation": "Memory as security: knowing where vanishing steps are protects you",
            "example": "Error memory prevents repeated failures (learning circuit breaker)"
        },
        {
            "id": "insight-3",
            "observation": "Politeness as authentication: human interaction patterns in systems",
            "example": "Include 'please' in request headers for graceful degradation"
        },
        {
            "id": "insight-4",
            "observation": "Time-awareness creates complexity AND features",
            "example": "Friday redirects = A/B testing on schedule"
        }
    ],
    "implementation": {
        "file": "src/grid/spark/staircase.py",
        "classes": [
            "Staircase",
            "GrandStaircase",
            "StaircaseAPI"
        ],
        "uses_requests": true,
        "states": [
            "STABLE",
            "MOVING",
            "VANISHED",
            "LOCKED"
        ],
        "behaviors": [
            "NORMAL",
            "FRIDAY_REDIRECT",
            "WEEKEND_MAINTENANCE",
            "NIGHT_LOCKDOWN"
        ]
    },
    "security_stability": {
        "seed_stable": true,
        "patterns_proven": [
            "circuit_breaker",
            "authentication",
            "cache_invalidation"
        ],
        "safety_notes": [
            "Vanishing steps (traps) are known and documented",
            "Route cache clears on ANY movement (conservative)",
            "Locked routes require explicit authentication context"
        ]
    }
}
