{
  "benchmark": {
    "test_name": "streaming_api_performance",
    "total_operations": 2,
    "successful_operations": 2,
    "failed_operations": 0,
    "success_rate": 1.0,
    "total_duration_ms": 0.03,
    "avg_duration_ms": 0.02,
    "min_duration_ms": 0.01,
    "max_duration_ms": 0.02,
    "avg_memory_usage_mb": 0.0,
    "min_memory_usage_mb": 0.0,
    "max_memory_usage_mb": 0.0,
    "throughput_ops_per_sec": 65359.46,
    "config": {
      "engine_config": {
        "conversation_enabled": true,
        "multi_hop_enabled": false
      },
      "test_type": "streaming_api"
    },
    "start_time": "2026-01-26T02:44:15.878491",
    "end_time": "2026-01-26T02:44:42.151884",
    "duration_seconds": 26.273393
  },
  "metrics": [
    {
      "operation": "text_chunking",
      "duration_ms": 0.01,
      "memory_usage_mb": 0.0,
      "success": true,
      "metadata": {
        "text_length": 94,
        "chunk_count": 5,
        "chunk_size": 20
      },
      "timestamp": "2026-01-26T02:44:15.878251"
    },
    {
      "operation": "stream_chunk_creation",
      "duration_ms": 0.02,
      "memory_usage_mb": 0.0,
      "success": true,
      "metadata": {
        "chunk_size": 72
      },
      "timestamp": "2026-01-26T02:44:15.878251"
    }
  ]
}