{
  "benchmark": {
    "test_name": "comprehensive_rag_performance",
    "total_operations": 42,
    "successful_operations": 20,
    "failed_operations": 22,
    "success_rate": 0.47619047619047616,
    "total_duration_ms": 0.16,
    "avg_duration_ms": 0.01,
    "min_duration_ms": 0.0,
    "max_duration_ms": 0.02,
    "avg_memory_usage_mb": 0.0,
    "min_memory_usage_mb": 0.0,
    "max_memory_usage_mb": 0.0,
    "throughput_ops_per_sec": 122100.12,
    "config": {
      "engine_config": {
        "conversation_enabled": true,
        "multi_hop_enabled": false,
        "conversation_memory_size": 10,
        "embedding_model": "nomic-embed-text:latest",
        "llm_model_local": "ministral-3:3b"
      },
      "test_queries_count": 10,
      "test_sessions_count": 10
    },
    "start_time": "2026-01-26T02:44:15.878491",
    "end_time": "2026-01-26T02:44:42.145351",
    "duration_seconds": 26.26686
  },
  "metrics": [
    {
      "operation": "query",
      "duration_ms": 4.4,
      "memory_usage_mb": 0.12,
      "success": false,
      "metadata": {
        "query": "What is the GRID system?",
        "session_id": "test-session-0",
        "engine_type": "ConversationalRAGEngine",
        "result_size": 0,
        "source_count": 0,
        "conversation_metadata": {}
      },
      "timestamp": "2026-01-26T02:44:15.878251"
    },
    {
      "operation": "query",
      "duration_ms": 1.59,
      "memory_usage_mb": 0.0,
      "success": false,
      "metadata": {
        "query": "How does RAG work in GRID?",
        "session_id": "test-session-1",
        "engine_type": "ConversationalRAGEngine",
        "result_size": 0,
        "source_count": 0,
        "conversation_metadata": {}
      },
      "timestamp": "2026-01-26T02:44:15.878251"
    },
    {
      "operation": "query",
      "duration_ms": 1.57,
      "memory_usage_mb": 0.0,
      "success": false,
      "metadata": {
        "query": "What are the 9 cognition patterns?",
        "session_id": "test-session-2",
        "engine_type": "ConversationalRAGEngine",
        "result_size": 0,
        "source_count": 0,
        "conversation_metadata": {}
      },
      "timestamp": "2026-01-26T02:44:15.878251"
    },
    {
      "operation": "query",
      "duration_ms": 1.68,
      "memory_usage_mb": 0.0,
      "success": false,
      "metadata": {
        "query": "Explain the agentic system architecture",
        "session_id": "test-session-3",
        "engine_type": "ConversationalRAGEngine",
        "result_size": 0,
        "source_count": 0,
        "conversation_metadata": {}
      },
      "timestamp": "2026-01-26T02:44:15.878251"
    },
    {
      "operation": "query",
      "duration_ms": 1.6,
      "memory_usage_mb": 0.0,
      "success": false,
      "metadata": {
        "query": "How does conversation memory work?",
        "session_id": "test-session-4",
        "engine_type": "ConversationalRAGEngine",
        "result_size": 0,
        "source_count": 0,
        "conversation_metadata": {}
      },
      "timestamp": "2026-01-26T02:44:15.878251"
    },
    {
      "operation": "query",
      "duration_ms": 1.55,
      "memory_usage_mb": 0.0,
      "success": false,
      "metadata": {
        "query": "What is multi-hop reasoning?",
        "session_id": "test-session-5",
        "engine_type": "ConversationalRAGEngine",
        "result_size": 0,
        "source_count": 0,
        "conversation_metadata": {}
      },
      "timestamp": "2026-01-26T02:44:15.878251"
    },
    {
      "operation": "query",
      "duration_ms": 1.54,
      "memory_usage_mb": 0.0,
      "success": false,
      "metadata": {
        "query": "Describe the streaming API capabilities",
        "session_id": "test-session-6",
        "engine_type": "ConversationalRAGEngine",
        "result_size": 0,
        "source_count": 0,
        "conversation_metadata": {}
      },
      "timestamp": "2026-01-26T02:44:15.878251"
    },
    {
      "operation": "query",
      "duration_ms": 1.54,
      "memory_usage_mb": 0.0,
      "success": false,
      "metadata": {
        "query": "How are citations improved in conversational RAG?",
        "session_id": "test-session-7",
        "engine_type": "ConversationalRAGEngine",
        "result_size": 0,
        "source_count": 0,
        "conversation_metadata": {}
      },
      "timestamp": "2026-01-26T02:44:15.878251"
    },
    {
      "operation": "query",
      "duration_ms": 1.84,
      "memory_usage_mb": 0.0,
      "success": false,
      "metadata": {
        "query": "What performance optimizations are implemented?",
        "session_id": "test-session-8",
        "engine_type": "ConversationalRAGEngine",
        "result_size": 0,
        "source_count": 0,
        "conversation_metadata": {}
      },
      "timestamp": "2026-01-26T02:44:15.878251"
    },
    {
      "operation": "query",
      "duration_ms": 1.58,
      "memory_usage_mb": 0.0,
      "success": false,
      "metadata": {
        "query": "Explain the session management system",
        "session_id": "test-session-9",
        "engine_type": "ConversationalRAGEngine",
        "result_size": 0,
        "source_count": 0,
        "conversation_metadata": {}
      },
      "timestamp": "2026-01-26T02:44:15.878251"
    },
    {
      "operation": "session_creation",
      "duration_ms": 0.02,
      "memory_usage_mb": 0.0,
      "success": true,
      "metadata": {
        "session_id": "test-session-0"
      },
      "timestamp": "2026-01-26T02:44:15.878251"
    },
    {
      "operation": "session_creation",
      "duration_ms": 0.01,
      "memory_usage_mb": 0.0,
      "success": true,
      "metadata": {
        "session_id": "test-session-1"
      },
      "timestamp": "2026-01-26T02:44:15.878251"
    },
    {
      "operation": "session_creation",
      "duration_ms": 0.01,
      "memory_usage_mb": 0.0,
      "success": true,
      "metadata": {
        "session_id": "test-session-2"
      },
      "timestamp": "2026-01-26T02:44:15.878251"
    },
    {
      "operation": "session_creation",
      "duration_ms": 0.01,
      "memory_usage_mb": 0.0,
      "success": true,
      "metadata": {
        "session_id": "test-session-3"
      },
      "timestamp": "2026-01-26T02:44:15.878251"
    },
    {
      "operation": "session_creation",
      "duration_ms": 0.01,
      "memory_usage_mb": 0.0,
      "success": true,
      "metadata": {
        "session_id": "test-session-4"
      },
      "timestamp": "2026-01-26T02:44:15.878251"
    },
    {
      "operation": "session_creation",
      "duration_ms": 0.01,
      "memory_usage_mb": 0.0,
      "success": true,
      "metadata": {
        "session_id": "test-session-5"
      },
      "timestamp": "2026-01-26T02:44:15.878251"
    },
    {
      "operation": "session_creation",
      "duration_ms": 0.01,
      "memory_usage_mb": 0.0,
      "success": true,
      "metadata": {
        "session_id": "test-session-6"
      },
      "timestamp": "2026-01-26T02:44:15.878251"
    },
    {
      "operation": "session_creation",
      "duration_ms": 0.01,
      "memory_usage_mb": 0.0,
      "success": true,
      "metadata": {
        "session_id": "test-session-7"
      },
      "timestamp": "2026-01-26T02:44:15.878251"
    },
    {
      "operation": "session_creation",
      "duration_ms": 0.01,
      "memory_usage_mb": 0.0,
      "success": true,
      "metadata": {
        "session_id": "test-session-8"
      },
      "timestamp": "2026-01-26T02:44:15.878251"
    },
    {
      "operation": "session_creation",
      "duration_ms": 0.01,
      "memory_usage_mb": 0.0,
      "success": true,
      "metadata": {
        "session_id": "test-session-9"
      },
      "timestamp": "2026-01-26T02:44:15.878251"
    },
    {
      "operation": "session_retrieval",
      "duration_ms": 0.01,
      "memory_usage_mb": 0.0,
      "success": true,
      "metadata": {
        "session_id": "test-session-0",
        "turn_count": 0
      },
      "timestamp": "2026-01-26T02:44:15.878251"
    },
    {
      "operation": "session_retrieval",
      "duration_ms": 0.01,
      "memory_usage_mb": 0.0,
      "success": true,
      "metadata": {
        "session_id": "test-session-1",
        "turn_count": 0
      },
      "timestamp": "2026-01-26T02:44:15.878251"
    },
    {
      "operation": "session_retrieval",
      "duration_ms": 0.01,
      "memory_usage_mb": 0.0,
      "success": true,
      "metadata": {
        "session_id": "test-session-2",
        "turn_count": 0
      },
      "timestamp": "2026-01-26T02:44:15.878251"
    },
    {
      "operation": "session_retrieval",
      "duration_ms": 0.0,
      "memory_usage_mb": 0.0,
      "success": true,
      "metadata": {
        "session_id": "test-session-3",
        "turn_count": 0
      },
      "timestamp": "2026-01-26T02:44:15.878251"
    },
    {
      "operation": "session_retrieval",
      "duration_ms": 0.0,
      "memory_usage_mb": 0.0,
      "success": true,
      "metadata": {
        "session_id": "test-session-4",
        "turn_count": 0
      },
      "timestamp": "2026-01-26T02:44:15.878251"
    },
    {
      "operation": "session_retrieval",
      "duration_ms": 0.0,
      "memory_usage_mb": 0.0,
      "success": true,
      "metadata": {
        "session_id": "test-session-5",
        "turn_count": 0
      },
      "timestamp": "2026-01-26T02:44:15.878251"
    },
    {
      "operation": "session_retrieval",
      "duration_ms": 0.0,
      "memory_usage_mb": 0.0,
      "success": true,
      "metadata": {
        "session_id": "test-session-6",
        "turn_count": 0
      },
      "timestamp": "2026-01-26T02:44:15.878251"
    },
    {
      "operation": "session_retrieval",
      "duration_ms": 0.0,
      "memory_usage_mb": 0.0,
      "success": true,
      "metadata": {
        "session_id": "test-session-7",
        "turn_count": 0
      },
      "timestamp": "2026-01-26T02:44:15.878251"
    },
    {
      "operation": "session_retrieval",
      "duration_ms": 0.0,
      "memory_usage_mb": 0.0,
      "success": true,
      "metadata": {
        "session_id": "test-session-8",
        "turn_count": 0
      },
      "timestamp": "2026-01-26T02:44:15.878251"
    },
    {
      "operation": "session_retrieval",
      "duration_ms": 0.0,
      "memory_usage_mb": 0.0,
      "success": true,
      "metadata": {
        "session_id": "test-session-9",
        "turn_count": 0
      },
      "timestamp": "2026-01-26T02:44:15.878251"
    },
    {
      "operation": "multi_hop_query",
      "duration_ms": 1.54,
      "memory_usage_mb": 0.0,
      "success": false,
      "metadata": {
        "query": "What is the GRID system?",
        "session_id": "test-session-0",
        "hops_performed": 0,
        "multi_hop_used": false
      },
      "timestamp": "2026-01-26T02:44:15.878251"
    },
    {
      "operation": "multi_hop_query",
      "duration_ms": 1.58,
      "memory_usage_mb": 0.0,
      "success": false,
      "metadata": {
        "query": "How does RAG work in GRID?",
        "session_id": "test-session-1",
        "hops_performed": 0,
        "multi_hop_used": false
      },
      "timestamp": "2026-01-26T02:44:15.878251"
    },
    {
      "operation": "multi_hop_query",
      "duration_ms": 1.55,
      "memory_usage_mb": 0.0,
      "success": false,
      "metadata": {
        "query": "What are the 9 cognition patterns?",
        "session_id": "test-session-2",
        "hops_performed": 0,
        "multi_hop_used": false
      },
      "timestamp": "2026-01-26T02:44:15.878251"
    },
    {
      "operation": "multi_hop_query",
      "duration_ms": 1.54,
      "memory_usage_mb": 0.0,
      "success": false,
      "metadata": {
        "query": "Explain the agentic system architecture",
        "session_id": "test-session-3",
        "hops_performed": 0,
        "multi_hop_used": false
      },
      "timestamp": "2026-01-26T02:44:15.878251"
    },
    {
      "operation": "multi_hop_query",
      "duration_ms": 2.35,
      "memory_usage_mb": 0.0,
      "success": false,
      "metadata": {
        "query": "How does conversation memory work?",
        "session_id": "test-session-4",
        "hops_performed": 0,
        "multi_hop_used": false
      },
      "timestamp": "2026-01-26T02:44:15.878251"
    },
    {
      "operation": "batch_query",
      "duration_ms": 2.21,
      "memory_usage_mb": 0.0,
      "success": false,
      "metadata": {
        "batch_size": 10,
        "successful_queries": 0,
        "failed_queries": 0
      },
      "timestamp": "2026-01-26T02:44:15.878251"
    },
    {
      "operation": "query",
      "duration_ms": 1.72,
      "memory_usage_mb": 0.0,
      "success": false,
      "metadata": {
        "query": "What is the GRID system?",
        "session_id": null,
        "engine_type": "RAGEngine",
        "result_size": 0,
        "source_count": 0,
        "conversation_metadata": {}
      },
      "timestamp": "2026-01-26T02:44:15.878251"
    },
    {
      "operation": "query",
      "duration_ms": 1.98,
      "memory_usage_mb": 0.0,
      "success": false,
      "metadata": {
        "query": "What is the GRID system?",
        "session_id": null,
        "engine_type": "ConversationalRAGEngine",
        "result_size": 0,
        "source_count": 0,
        "conversation_metadata": {}
      },
      "timestamp": "2026-01-26T02:44:15.878251"
    },
    {
      "operation": "query",
      "duration_ms": 1.5,
      "memory_usage_mb": 0.0,
      "success": false,
      "metadata": {
        "query": "How does RAG work in GRID?",
        "session_id": null,
        "engine_type": "RAGEngine",
        "result_size": 0,
        "source_count": 0,
        "conversation_metadata": {}
      },
      "timestamp": "2026-01-26T02:44:15.878251"
    },
    {
      "operation": "query",
      "duration_ms": 1.56,
      "memory_usage_mb": 0.0,
      "success": false,
      "metadata": {
        "query": "How does RAG work in GRID?",
        "session_id": null,
        "engine_type": "ConversationalRAGEngine",
        "result_size": 0,
        "source_count": 0,
        "conversation_metadata": {}
      },
      "timestamp": "2026-01-26T02:44:15.878251"
    },
    {
      "operation": "query",
      "duration_ms": 1.59,
      "memory_usage_mb": 0.0,
      "success": false,
      "metadata": {
        "query": "What are the 9 cognition patterns?",
        "session_id": null,
        "engine_type": "RAGEngine",
        "result_size": 0,
        "source_count": 0,
        "conversation_metadata": {}
      },
      "timestamp": "2026-01-26T02:44:15.878251"
    },
    {
      "operation": "query",
      "duration_ms": 1.57,
      "memory_usage_mb": 0.0,
      "success": false,
      "metadata": {
        "query": "What are the 9 cognition patterns?",
        "session_id": null,
        "engine_type": "ConversationalRAGEngine",
        "result_size": 0,
        "source_count": 0,
        "conversation_metadata": {}
      },
      "timestamp": "2026-01-26T02:44:15.878251"
    }
  ]
}