{
  "$schema": "http://json-schema.org/draft-07/schema#",
  "title": "Package.json Schema",
  "description": "Schema for npm package.json files",
  "type": "object",
  "properties": {
    "name": {
      "type": "string",
      "pattern": "^[a-zA-Z0-9][a-zA-Z0-9._-]*$"
    },
    "version": {
      "type": "string",
      "pattern": "^\\d+\\.\\d+\\.\\d+(-[a-zA-Z0-9.-]+)?(\\+[a-zA-Z0-9.-]+)?$"
    },
    "description": {
      "type": "string"
    },
    "main": {
      "type": "string"
    },
    "scripts": {
      "type": "object",
      "patternProperties": {
        "^[a-zA-Z0-9:_-]+$": {
          "type": "string"
        }
      }
    },
    "dependencies": {
      "type": "object",
      "patternProperties": {
        "^[a-zA-Z0-9][a-zA-Z0-9._-]*$": {
          "type": "string"
        }
      }
    },
    "devDependencies": {
      "type": "object",
      "patternProperties": {
        "^[a-zA-Z0-9][a-zA-Z0-9._-]*$": {
          "type": "string"
        }
      }
    },
    "peerDependencies": {
      "type": "object",
      "patternProperties": {
        "^[a-zA-Z0-9][a-zA-Z0-9._-]*$": {
          "type": "string"
        }
      }
    }
  },
  "required": ["name", "version"],
  "additionalProperties": true
}
