Metric,Tab 1: GitHub Actions Workflow	Tab 2: Dependabot Alert #28	Tab 3: Dependabot Errors Doc
Repository/Title	uv in /. for transformers Update	HuggingFace Transformers Vulnerability	Dependabot Error Reference,
Status	FAILED	OPEN	Documentation,
"Duration/Timestamp	49 seconds (07:40:23 - 07:40 GMT)	Opened April 8, 2026 10:58 AM GMT+6	Comprehensive guide",
Package/Package Manager	transformers (uv)	transformers (pip)	N/A,
Severity/CVSS Score	High (Job Failed)	Moderate (6.5)	Reference Info,
Affected Versions	Multiple (12 affected ranges)	< 5.0.0rc3	Various,
Patched Version	Unknown	5.0.0rc3	N/A,
CVE ID	N/A	CVE-2026-1839	N/A,
GHSA ID	N/A	GHSA-69w3-r845-3855	N/A,
Attack Vector	N/A	Local	N/A,
Attack Complexity	N/A	High	N/A,
Privileges Required	N/A	None	N/A,
User Interaction Required	N/A	Yes	N/A,
Confidentiality Impact	N/A	High	N/A,
Integrity Impact	N/A	Low	N/A,
Availability Impact	N/A	High	N/A,
EPSS Score	N/A	0.02% (5th percentile)	N/A,
CWE Classification	N/A	CWE-502 (Deserialization)	Multiple,
Primary Error	Dependabot update failed; GITHUB_REGISTRIES_PROXY parsing error	Arbitrary code execution in Trainer._load_rng_state()	Dependency resolution errors,
Secondary Warning	Node.js 20 deprecation (Node 24 required by June 2026)	torch.load() without weights_only=True	Pull request limits; timeouts,
"Key Process IDs	1096, 1104, 1111, 1119, 1126	N/A	N/A",
Action Required	Update transformers; debug env variables; upgrade Node.js	Update transformers to v5.0.0rc3 immediately	Review error logs; enable version updates,
Risk Level	High (active workflow failure + unpatched vuln)	Moderate (patch available; low EPSS)	Informational,