{
  "summary": {
    "MEDIUM": 2,
    "HIGH": 1,
    "CRITICAL": 0,
    "LOW": 0
  },
  "findings": [
    {
      "file": "scripts\\integrated_workflow.py",
      "line": 8,
      "risk": "MEDIUM",
      "category": "suspicious_import",
      "message": "Importing suspicious module 'subprocess'",
      "context": "<module>"
    },
    {
      "file": "scripts\\integrated_workflow.py",
      "line": 35,
      "risk": "MEDIUM",
      "category": "suspicious_import",
      "message": "Importing suspicious module 'shlex'",
      "context": "run_command"
    },
    {
      "file": "scripts\\integrated_workflow.py",
      "line": 41,
      "risk": "HIGH",
      "category": "dangerous_execution",
      "message": "Call to dangerous function 'subprocess.run'",
      "context": "run_command"
    }
  ]
}