{
  "case_id": "CASE-85a2eb52cf14",
  "timestamp": "2026-01-09T07:39:04.624396",
  "raw_input": "create a processing unit implementation point, plan and plant the necessary configurations to sync settings with eufle",
  "structured_data": {
    "timestamp": "2026-01-09T07:39:04.624396",
    "labels": [
      "category:testing",
      "priority:medium",
      "keyword:unit"
    ],
    "category": "testing",
    "priority": "medium",
    "keywords": [
      "unit"
    ],
    "entities": [],
    "relationships": [],
    "confidence": 0.125,
    "logging_iterations": [
      {
        "iteration": 1,
        "keywords": [
          "unit"
        ],
        "entities": []
      },
      {
        "iteration": 2,
        "category": "testing",
        "confidence": 0.125,
        "category_scores": {
          "CODE_ANALYSIS": 0.1,
          "TESTING": 0.125,
          "FEATURE_REQUEST": 0.125
        }
      },
      {
        "iteration": 3,
        "priority": "medium"
      },
      {
        "iteration": 4,
        "labels": [
          "category:testing",
          "priority:medium",
          "keyword:unit"
        ]
      },
      {
        "iteration": 5,
        "relationships": []
      }
    ]
  },
  "comprehensive_suite_mapping": {
    "category_mappings": {
      "roles": [
        "Executor",
        "Evaluator"
      ]
    },
    "keyword_mappings": {
      "tasks": [
        "/inventory",
        "/gapanalysis"
      ]
    },
    "priority_mappings": {}
  },
  "recommended_roles": [
    "Executor",
    "Evaluator"
  ],
  "recommended_tasks": [
    "/inventory",
    "/gapanalysis",
    "/execute",
    "/validate",
    "/safety review"
  ],
  "recommended_workflow": [
    "1. Run /inventory to discover system state",
    "2. Run /gapanalysis to identify gaps",
    "4. Run /execute to generate artifacts",
    "5. Run /validate to verify changes",
    "6. Run /safety review for governance"
  ],
  "context_for_agent": "Case Category: testing\nPriority: medium\nConfidence: 0.12\n\nKeywords: unit\n\nRecommended Roles: Executor, Evaluator\nRecommended Tasks: /inventory, /gapanalysis, /execute, /validate, /safety review",
  "user_context": {
    "examples": [],
    "scenarios": [],
    "phenomena": []
  },
  "metadata": {
    "category": "testing",
    "priority": "medium",
    "confidence": 0.125,
    "labels": [
      "category:testing",
      "priority:medium",
      "keyword:unit"
    ]
  },
  "advanced_protocols": {
    "protocol": "advanced",
    "web_search_performed": true,
    "memory_searches": [],
    "generated_queries": [
      {
        "question": "Is this case primarily about testing?",
        "type": "multiple_choice",
        "options": [
          "Yes, it's about testing",
          "No, it's about something else",
          "Partially, but also involves other aspects"
        ],
        "purpose": "Confirm category classification"
      },
      {
        "question": "What is the priority level for this case?",
        "type": "multiple_choice",
        "options": [
          "Critical",
          "High",
          "Medium",
          "Low"
        ],
        "purpose": "Confirm priority level"
      },
      {
        "question": "What is the scope of this case?",
        "type": "multiple_choice",
        "options": [
          "Single module/component",
          "Multiple modules/components",
          "System-wide change",
          "Architectural change"
        ],
        "purpose": "Clarify scope"
      }
    ],
    "nuances": [
      "Low category confidence (0.12) - case may require manual review or additional context"
    ],
    "insights": [],
    "web_search_results": {
      "queries": [
        "testing unit"
      ],
      "results": [
        {
          "title": "Example result for testing",
          "snippet": "Relevant information about the case category",
          "url": "https://example.com"
        }
      ],
      "note": "Web search integration required - use local RAG or external API"
    }
  },
  "requires_contextualization": true
}
