{
  "event_id": "ff85731d-f719-4c4e-9dc8-a9dc56c5cfca",
  "source": "client_brief",
  "timestamp": "2025-11-24T18:00:30.807131+00:00",
  "entities": {
    "total": 18,
    "by_type": {
      "EVENT": 1,
      "DATE": 1,
      "PRODUCT": 9,
      "MONEY": 1,
      "ORG": 6
    },
    "critical": [
      {
        "id": "be135fce-1d91-46c3-8275-728a3ffa2b5f",
        "type": "MONEY",
        "text": "HEALTHCARE EXPENSES",
        "confidence": 0.95
      },
      {
        "id": "c7063dfc-c146-44a7-9808-e1a74a9180a7",
        "type": "ORG",
        "text": "Job",
        "confidence": 0.85
      },
      {
        "id": "3445b3bf-1941-47a8-b5be-94b8d5a6dd63",
        "type": "ORG",
        "text": "platform",
        "confidence": 0.85
      },
      {
        "id": "9d9e67f6-c730-44fa-9547-26a051683110",
        "type": "ORG",
        "text": "business network",
        "confidence": 0.85
      },
      {
        "id": "01e0733e-3449-4f2f-a861-291a732de12d",
        "type": "ORG",
        "text": "intermediaries",
        "confidence": 0.85
      },
      {
        "id": "83108e3b-671f-4d65-92aa-4e6204371895",
        "type": "ORG",
        "text": "employers",
        "confidence": 0.85
      },
      {
        "id": "384d50d1-3317-4209-ab8d-5188325e3205",
        "type": "ORG",
        "text": "clients of clients",
        "confidence": 0.85
      }
    ]
  },
  "relationships": {
    "total": 0,
    "value_flows": [],
    "risk_flows": [],
    "asymmetries": []
  },
  "patterns": {
    "total": 21,
    "by_code": {
      "DEVIATION_SURPRISE": 3,
      "TEMPORAL_PATTERNS": 18
    },
    "high_confidence": [
      {
        "pattern_code": "DEVIATION_SURPRISE",
        "confidence": 0.7,
        "context": "Entity type 'EVENT' is rare among 17 related entities"
      },
      {
        "pattern_code": "TEMPORAL_PATTERNS",
        "confidence": 0.7,
        "context": "Entity appears with 1 date references"
      },
      {
        "pattern_code": "DEVIATION_SURPRISE",
        "confidence": 0.7,
        "context": "Entity type 'DATE' is rare among 17 related entities"
      },
      {
        "pattern_code": "TEMPORAL_PATTERNS",
        "confidence": 0.7,
        "context": "Entity appears with 0 date references"
      },
      {
        "pattern_code": "TEMPORAL_PATTERNS",
        "confidence": 0.7,
        "context": "Entity appears with 1 date references"
      },
      {
        "pattern_code": "TEMPORAL_PATTERNS",
        "confidence": 0.7,
        "context": "Entity appears with 1 date references"
      },
      {
        "pattern_code": "TEMPORAL_PATTERNS",
        "confidence": 0.7,
        "context": "Entity appears with 1 date references"
      },
      {
        "pattern_code": "TEMPORAL_PATTERNS",
        "confidence": 0.7,
        "context": "Entity appears with 1 date references"
      },
      {
        "pattern_code": "TEMPORAL_PATTERNS",
        "confidence": 0.7,
        "context": "Entity appears with 1 date references"
      },
      {
        "pattern_code": "DEVIATION_SURPRISE",
        "confidence": 0.7,
        "context": "Entity type 'MONEY' is rare among 17 related entities"
      },
      {
        "pattern_code": "TEMPORAL_PATTERNS",
        "confidence": 0.7,
        "context": "Entity appears with 1 date references"
      },
      {
        "pattern_code": "TEMPORAL_PATTERNS",
        "confidence": 0.7,
        "context": "Entity appears with 1 date references"
      },
      {
        "pattern_code": "TEMPORAL_PATTERNS",
        "confidence": 0.7,
        "context": "Entity appears with 1 date references"
      },
      {
        "pattern_code": "TEMPORAL_PATTERNS",
        "confidence": 0.7,
        "context": "Entity appears with 1 date references"
      },
      {
        "pattern_code": "TEMPORAL_PATTERNS",
        "confidence": 0.7,
        "context": "Entity appears with 1 date references"
      },
      {
        "pattern_code": "TEMPORAL_PATTERNS",
        "confidence": 0.7,
        "context": "Entity appears with 1 date references"
      },
      {
        "pattern_code": "TEMPORAL_PATTERNS",
        "confidence": 0.7,
        "context": "Entity appears with 1 date references"
      },
      {
        "pattern_code": "TEMPORAL_PATTERNS",
        "confidence": 0.7,
        "context": "Entity appears with 1 date references"
      },
      {
        "pattern_code": "TEMPORAL_PATTERNS",
        "confidence": 0.7,
        "context": "Entity appears with 1 date references"
      },
      {
        "pattern_code": "TEMPORAL_PATTERNS",
        "confidence": 0.7,
        "context": "Entity appears with 1 date references"
      },
      {
        "pattern_code": "TEMPORAL_PATTERNS",
        "confidence": 0.7,
        "context": "Entity appears with 1 date references"
      }
    ]
  },
  "systemic_issues": [
    {
      "pattern": "PSYCHOLOGICAL_LEVERAGE",
      "severity": "MEDIUM",
      "description": "Social pressure to step down and not claim rightful shares",
      "evidence": [
        {
          "pattern_code": "DEVIATION_SURPRISE",
          "confidence": 0.7,
          "context": "Entity type 'EVENT' is rare among 17 related entities"
        },
        {
          "pattern_code": "DEVIATION_SURPRISE",
          "confidence": 0.7,
          "context": "Entity type 'DATE' is rare among 17 related entities"
        },
        {
          "pattern_code": "DEVIATION_SURPRISE",
          "confidence": 0.7,
          "context": "Entity type 'MONEY' is rare among 17 related entities"
        }
      ],
      "mechanism": "Narrative control, deflection, gaslighting of financial reality"
    }
  ],
  "diagnosis": {
    "summary": "Client functions as value generator + risk absorber while other entities function as value harvesters + risk offloaders",
    "financial_state": {
      "value_generation": "POSITIVE - Client generates more value than compensated",
      "compensation_structure": "INADEQUATE - Does not guarantee basic needs or tie to measurable outputs",
      "volatility_exposure": "UNBUFFERED - No robust buffer; regular crises patched with debt",
      "debt_trajectory": "NEGATIVE COMPOUNDING - Loans for basics create long-term drag",
      "psychological_environment": "SUPPRESSIVE - Discourages enforcing claims via fear"
    },
    "risk_trajectory": {
      "trend": "DETERIORATING",
      "indicators": [
        "Increasing debt burden",
        "Higher baseline anxiety",
        "Reduced capacity for strategic action",
        "Vulnerability to health/housing shocks"
      ]
    },
    "root_causes": [
      "PSYCHOLOGICAL_LEVERAGE"
    ],
    "critical_vulnerabilities": [
      "Healthcare costs as panic driver",
      "Housing instability",
      "Food security gaps",
      "Chronic under-compensation"
    ]
  },
  "recommendations": [
    {
      "priority": 1,
      "category": "FINANCIAL",
      "action": "Establish Emergency Fund",
      "description": "Create a financial buffer to mitigate volatility exposure and reduce the necessity of accruing debt for basic needs.",
      "goal": "To provide a safety net that prevents financial crises from escalating and to reduce dependency on debt.",
      "implementation": [
        "Assess monthly expenditure to determine the minimum viable emergency fund size.",
        "Identify areas of discretionary spending for reduction.",
        "Allocate a fixed percentage of income to steadily build the emergency fund.",
        "Consider a high-yield savings account for the fund to grow with interest."
      ]
    },
    {
      "priority": 2,
      "category": "LEGAL",
      "action": "Review and Renegotiate Contracts",
      "description": "Examine existing compensation structures and contracts to ensure they are equitable and reflect the value generated by the client.",
      "goal": "To secure compensation that covers basic needs, ties to measurable outputs, and reflects the value generated by the client.",
      "implementation": [
        "Engage a legal professional to review current contracts for fairness and adequacy.",
        "Identify specific areas where compensation does not match the value generated.",
        "Negotiate adjustments to contracts that ensure basic needs are met and compensation is tied to outputs.",
        "Implement performance-based incentives where possible."
      ]
    },
    {
      "priority": 3,
      "category": "PSYCHOLOGY",
      "action": "Build Negotiation Confidence",
      "description": "Address the suppressive psychological environment by developing negotiation skills and confidence to enforce claims.",
      "goal": "To empower the client to assert their financial rights and resist psychological leverage from other entities.",
      "implementation": [
        "Enroll in negotiation and assertiveness training programs.",
        "Practice negotiation scenarios with a coach or mentor.",
        "Develop a clear understanding of the value generated and a rationale for compensation claims.",
        "Create a support network to provide advice and reinforcement during negotiations."
      ]
    },
    {
      "priority": 4,
      "category": "FINANCIAL",
      "action": "Debt Management Plan",
      "description": "Develop a strategic plan to manage and reduce existing debt, prioritizing high-interest loans.",
      "goal": "To reverse the negative compounding of debt and reduce the long-term financial drag.",
      "implementation": [
        "Consolidate debts where possible to lower interest rates.",
        "Prioritize repayment of debts with the highest interest rates.",
        "Explore options for debt forgiveness or reduction.",
        "Set aside a portion of income specifically for debt repayment."
      ]
    },
    {
      "priority": 5,
      "category": "AUDIT",
      "action": "Conduct Financial Audit",
      "description": "Perform a comprehensive review of financial inflows and outflows to identify areas of value leakage.",
      "goal": "To stop value leakage by identifying and addressing inefficiencies or unfair compensation structures.",
      "implementation": [
        "Hire a financial advisor or auditor to conduct the audit.",
        "Review all transactions, contracts, and agreements for the past year.",
        "Identify specific instances where value generated is not being adequately compensated.",
        "Implement changes to stop value leakage based on audit findings."
      ]
    }
  ],
  "fairness_audit": {
    "critique": [
      "The diagnosis heavily relies on subjective terms like 'psychological leverage' and 'narrative control' without concrete evidence or clear examples of how these manifest in the client's situation.",
      "The claim of 'chronic under-compensation' lacks specific benchmarks or industry standards for comparison, making it difficult to assess the validity of this assertion.",
      "The concept of 'value generation' being positive but not compensated adequately is not uncommon in many industries and may not necessarily indicate malice or systemic failure.",
      "The use of 'DEVIATION_SURPRISE' as evidence for psychological leverage is vague and does not directly correlate with financial outcomes or systemic issues.",
      "The diagnosis does not consider external economic factors such as inflation, market conditions, or industry-specific downturns that could contribute to the financial state described."
    ],
    "user_errors": [
      "The user may be conflating normal financial volatility with systemic exploitation without distinguishing between the two.",
      "There seems to be an overemphasis on psychological factors without sufficient financial data to support claims of systemic manipulation.",
      "The user might be interpreting standard financial stressors as unique to their situation, potentially due to heightened anxiety."
    ],
    "validation_score": 4,
    "blind_spots": [
      "The user fails to consider that some financial stressors are common across many individuals and not necessarily indicative of targeted exploitation.",
      "There is a lack of exploration into potential solutions or strategies to mitigate the identified risks, focusing solely on the diagnosis."
    ],
    "balanced_view": "The user's concerns about under-compensation and financial vulnerability are valid, especially in industries where wages have not kept pace with living costs. However, the interpretation of these issues as systemic exploitation may be exaggerated without more specific evidence. The system's perspective might be that the user's financial stress is a combination of personal financial management challenges and broader economic conditions. A more balanced approach would involve seeking financial advice to address debt and compensation issues while recognizing the role of external economic factors."
  }
}
