Component Name,Layer/Level,Core Functionality,Technical Specification,Innovative Potential,Strategic Impact,Source
Core Intelligence Layer,Core Intelligence (grid/),"Manages state representation, quantum transformations, 9-cognition pattern recognition, and context management.","grid/ directory; includes 9 patterns (Flow, Spatial, Rhythm, Color, Repetition, Deviation, Cause, Time, Combination).",Uses bridge interfaces for quantum state transfer and extensible skill registries for RAG and transformation pipelines.,Serves as the fundamental research core for understanding information dynamics and state evolution.,1
Cognitive Layer,Cognitive Layer (light_of_the_seven/cognitive_layer/),"Provides decision support, mental modeling, and cognitive load analysis for information routing.",light_of_the_seven/cognitive_layer/; employs bounded rationality and dual-process routing.,Adapts response complexity based on the user's estimated cognitive state to prevent information overload.,Provides the basis for education and systems thinking content within the framework.,1
Application Layer,Application Layer (application/),"Acts as a FastAPI aggregator for authentication, payments, metrics, and canvas flip communication.",application/ directory; Mothership (FastAPI); 5-skill pipeline for Resonance communication.,Aggregates diverse intelligence services into a unified delivery platform for commercial products.,"Forms the product layer for API, dashboard, and SDK delivery to generate revenue.",1
Multi-Modal Sensory Layer,Sensory Innovation,Translates abstract system states into perceptible soundscapes and visual patterns.,"Pitch (polarity_mean), Loudness (confidence_mean), Timbre (risk_index); Polarity Score: -1.0 to +1.0.","Converts complex data into ambient soundscapes for intuitive, non-visual monitoring.",Revolutionizes human-system interaction via auditory-dominant interfaces for diverse users.,1
Cross-Species Sensory Research,Research/Zoology Scope,"Studies alternative sensory configurations from nature (dogs, owls, sharks) for UI design.","Olfactory-dominant, Auditory spatial, and Electromagnetic field detection models.",Applies evolution-tested biological patterns to the design of information interfaces.,"Informs the design of specialized interfaces, such as those for visually impaired users.",1
RAG System,Infrastructure/Tools (tools/rag/),Performs local-first Retrieval Augmented Generation using vector similarity and keyword search.,"tools/rag/ directory; ChromaDB; Ollama models (nomic-embed-text-v2, ministral); .rag_db/ storage.","Combines hybrid search (Vector + BM25) with cognitive load estimation (load_level, user_expertise).","Enables high-performance, private, and context-aware information retrieval for complex systems.",1
Relationship Analyzer,Research Module,Computes relationship direction and intensity between extracted entities.,Polarity Score range: -1.0 to +1.0.,Treats information propagation as a physical phenomenon with measurable force and velocity.,Enables real-time influence mapping across organizations for strategic monitoring.,1
Information Pulse Monitor,Visual Interface / Tool,Provides a real-time visual representation of system health and information dynamics.,"PulseMonitor Python class; render() method; displays Polarity, Confidence, and Risk bars.",Transforms abstract metrics into a visual pulse similar to a medical heart monitor.,Provides operators in trading floors or crisis centers with intuitive situational awareness.,1
