{
    "schema_version": "1.0.0",
    "checkpoint": {
        "id": "2026-01-10-session-01",
        "created_at": "2026-01-10T02:43:53+06:00",
        "created_by": "antigravity-agent",
        "scope": {
            "workspace": "E:\\grid",
            "milestone": "Knowledge Graph Workflow + Terminal Navigation"
        },
        "notes": "Major session: FastAPI gap fixes, CLI navigation system, KG schema with reasoning orchestrator"
    },
    "compass": {
        "north_star": "Eliminate path conflicts, import errors, and ontology mismatches through structural intelligence",
        "bearing": "Built satellite navigation + KG workflow; next is integration testing and real reasoning pipelines",
        "phase": "implementation",
        "confidence": 0.85,
        "momentum": "fast",
        "constraints": [
            "Windows PowerShell quirks",
            "uv workspace limitations",
            "Ollama model availability"
        ]
    },
    "signals": {
        "status": {
            "summary": "Completed Phase 1-3 FastAPI gaps + Jay & Kanye KG workflow + Satellite navigation system",
            "completed": [
                {
                    "id": "gap-1",
                    "title": "ProcessPoolExecutor for CPU-bound tasks",
                    "area": "utils/cpu_executor.py"
                },
                {
                    "id": "gap-2",
                    "title": "Prometheus metrics instrumentation",
                    "area": "main.py"
                },
                {
                    "id": "gap-3",
                    "title": "Alembic migrations setup",
                    "area": "db/migrations/"
                },
                {
                    "id": "gap-4",
                    "title": "Structlog integration",
                    "area": "logging_structured.py"
                },
                {
                    "id": "gap-5",
                    "title": "API v2 structure",
                    "area": "api/v1/, api/v2/"
                },
                {
                    "id": "cli-1",
                    "title": "CLI navigation map",
                    "area": "docs/CLI_NAVIGATION_MAP.md"
                },
                {
                    "id": "cli-2",
                    "title": "PowerShell helpers",
                    "area": "scripts/cli_helpers.ps1"
                },
                {
                    "id": "cli-3",
                    "title": "Settings harmonization",
                    "area": "docs/SETTINGS_HARMONIZATION.md"
                },
                {
                    "id": "sat-1",
                    "title": "Territory map",
                    "area": "application/canvas/territory_map.py"
                },
                {
                    "id": "sat-2",
                    "title": "Path navigator CLI",
                    "area": "scripts/path_navigator.py"
                },
                {
                    "id": "kg-1",
                    "title": "KG schema (Python)",
                    "area": "src/grid/knowledge/graph_schema.py"
                },
                {
                    "id": "kg-2",
                    "title": "Reasoning orchestrator",
                    "area": "src/grid/knowledge/reasoning_orchestrator.py"
                },
                {
                    "id": "kg-3",
                    "title": "KG navigator CLI",
                    "area": "scripts/kg_navigator.py"
                },
                {
                    "id": "kg-4",
                    "title": "JSON Schema aligned",
                    "area": "schemas/knowledge_graph_schema.json"
                }
            ],
            "in_progress": [],
            "blocked": []
        },
        "health": {
            "tests": {
                "status": "pass",
                "summary": "Core imports verified"
            },
            "lint": {
                "status": "pass",
                "summary": "Ruff configured in pyproject.toml"
            },
            "build": {
                "status": "pass",
                "summary": "uv sync successful after workspace fix"
            }
        },
        "risks": [
            {
                "id": "risk-1",
                "description": "Parallel reasoning may overwhelm Ollama with concurrent requests",
                "likelihood": "medium",
                "impact": "low",
                "mitigation": "Added timeout handling in reasoning_orchestrator.py"
            }
        ],
        "decisions": [
            {
                "id": "dec-1",
                "decision": "Use Ruff instead of Black+Pylint",
                "rationale": "Single tool for formatting+linting, faster, aligned with pyproject.toml"
            },
            {
                "id": "dec-2",
                "decision": "Simplify uv workspace to root only",
                "rationale": "Subdirs missing pyproject.toml caused 'workspace member missing' errors"
            },
            {
                "id": "dec-3",
                "decision": "Align KG schema with existing progress_compass patterns",
                "rationale": "Reuse phase/momentum/decision definitions instead of reinventing"
            }
        ],
        "evidence": [
            {
                "kind": "file",
                "value": "docs/FASTAPI_GAP_ANALYSIS.md",
                "notes": "Gap analysis with completion status"
            },
            {
                "kind": "file",
                "value": "docs/SATELLITE_NAVIGATION.md",
                "notes": "Territory map documentation"
            },
            {
                "kind": "file",
                "value": "docs/KNOWLEDGE_GRAPH_WORKFLOW.md",
                "notes": "Jay & Kanye story"
            },
            {
                "kind": "command",
                "value": "python scripts/kg_navigator.py schema",
                "notes": "Verified KG schema display"
            }
        ]
    },
    "actions": {
        "next": [
            {
                "id": "next-1",
                "title": "Real KG backend integration (Neo4j or in-memory)",
                "priority": "medium"
            },
            {
                "id": "next-2",
                "title": "Connect reasoning orchestrator to actual web search",
                "priority": "medium"
            },
            {
                "id": "next-3",
                "title": "Test coverage increase (2:1 ratio)",
                "priority": "low"
            },
            {
                "id": "next-4",
                "title": "Apply VS Code settings from SETTINGS_HARMONIZATION.md",
                "priority": "low"
            }
        ],
        "owner": "user",
        "definition_of_done": [
            "All KG entities can be validated against JSON Schema",
            "Reasoning orchestrator returns real LLM responses",
            "Path navigator CLI diagnoses actual import errors correctly"
        ]
    },
    "meta": {
        "tags": [
            "fastapi",
            "knowledge-graph",
            "cli",
            "navigation",
            "schema",
            "llm"
        ],
        "session_duration_minutes": 50
    }
}
