{
  "memo_id": "MEMO-CASE-PLAT-2026-005-20260109143732",
  "case_id": "CASE-PLAT-2026-005",
  "timestamp": "2026-01-09T08:37:32.255556",
  "executive_summary": "Consolidated lawyer report after iterative analysis.",
  "boolean_decisions": [
    {
      "feature": "monitoring",
      "value": true,
      "protocol": "GRID-ENFORCE"
    }
  ],
  "enforcement_protocol": "GRID-SEC-ENFORCE-V1",
  "audit_trail": [
    {
      "case_id": "CASE-PLAT-2026-005",
      "note": "Default task execution"
    }
  ]
}
