{
  "memo_id": "MEMO-CASE-RES-2026-001-20260109143417",
  "case_id": "CASE-RES-2026-001",
  "timestamp": "2026-01-09T08:34:17.343434",
  "executive_summary": "Consolidated lawyer report after iterative analysis.",
  "boolean_decisions": [
    {
      "feature": "monitoring",
      "value": true,
      "protocol": "GRID-ENFORCE"
    }
  ],
  "enforcement_protocol": "GRID-SEC-ENFORCE-V1",
  "audit_trail": [
    {
      "case_id": "CASE-RES-2026-001",
      "note": "Default task execution"
    }
  ]
}
