{
  "memo_id": "MEMO-CASE-BENCH-2026-X7-20260109143837",
  "case_id": "CASE-BENCH-2026-X7",
  "timestamp": "2026-01-09T08:38:37.415769",
  "executive_summary": "Consolidated lawyer report after iterative analysis.",
  "boolean_decisions": [
    {
      "feature": "monitoring",
      "value": true,
      "protocol": "GRID-ENFORCE"
    }
  ],
  "enforcement_protocol": "GRID-SEC-ENFORCE-V1",
  "audit_trail": [
    {
      "case_id": "CASE-BENCH-2026-X7",
      "note": "Default task execution"
    }
  ]
}
